<?xml version="1.0" encoding="UTF-8"?>
<!DOCTYPE beans PUBLIC "-//SPRING//DTD BEAN 2.0//EN" "classpath:/spring-beans-2.0.dtd">

<!-- - Application context definition for "springapp" DispatcherServlet. -->

<beans>
  <bean id="springMVCAppController" class="com.terry.controller.SpringMVCAppController" />
  <bean id="showListController" class="com.terry.controller.ShowListController" />

  <bean id="urlMapping"
    class="org.springframework.web.servlet.handler.SimpleUrlHandlerMapping">
    <property name="mappings"><!-- 指定请求映射 -->
      <props>
        <prop key="/index.htm">springMVCAppController</prop>
        <prop key="/showList.htm">showListController</prop>
        <prop key="/goLogin.htm">goLoginController</prop>
      </props>
    </property>
  </bean>

  <!-- 单纯的路径跳转,不需要重写controller类型 -->
  <bean id="goLoginController"
    class="org.springframework.web.servlet.mvc.ParameterizableViewController">
    <property name="viewName" value="goLogin" />
  </bean>

  <!-- 匹配指定路径下的jsp -->
  <bean class="org.springframework.web.servlet.view.UrlBasedViewResolver">
    <property name="viewClass"
      value="org.springframework.web.servlet.view.JstlView" /><!-- 指定jstlView解析 -->
    <property name="prefix" value="/showList/" /><!-- 文件路径前缀 -->
    <property name="suffix" value=".jsp" /><!-- 文件路径后缀 -->
  </bean>
</beans>